http://go.microsoft.com/fwlink/?LinkId=1711	http://technet.microsoft.com/en-us/library/cc750062(TECHNET.10).aspx
http://go.microsoft.com/fwlink/?LinkId=1712	http://www.microsoft.com/technet/prodtechnol/exchange/2000/maintain/exchtune.mspx
http://go.microsoft.com/fwlink/?LinkId=1713	http://technet.microsoft.com/en-us/library/cc750277(TECHNET.10).aspx
http://go.microsoft.com/fwlink/?LinkId=1714	http://www.microsoft.com/downloads/details.aspx?FamilyID=6E55DD49-8A6C-4F30-947E-BDE95917F585
http://go.microsoft.com/fwlink/?LinkId=1715	http://www.microsoft.com/downloads/details.aspx?familyid=5b135312-bbbe-402e-9e2d-3b7b0820d2f4
http://go.microsoft.com/fwlink/?LinkId=1716	http://technet.microsoft.com/en-us/exchange/bb330828.aspx
http://go.microsoft.com/fwlink/?LinkId=1717	http://www.microsoft.com/windows2000/en/datacenter/help/default.asp?url=/WINDOWS2000/en/datacenter/help/paex86_1.htm
http://go.microsoft.com/fwlink/?LinkId=1718	http://www.microsoft.com/technet/prodtechnol/windows2000serv/deploy/rollout/rollupgr.mspx
http://go.microsoft.com/fwlink/?LinkId=1719	http://www.microsoft.com/technet/prodtechnol/windows2000serv/howto/clustep.mspx

